mumba.sambo@mymona.uwi.edu,mumbasambo@live.com,beaton_kevin@yahoo.com,kabton14@yahoo.com,kevin.beaton@mymona.uwi.edu,cooki.reece@live.com,heather.reece@mymona.uwi.edu,heatherreece@hotmail.com,heatherreece@live.com,marc.murray@mymona.uwi.edu,marcdm@marcdm.com,marcdm@phronein.com,ritesh.reddy@mymona.uwi.edu,ritesh_r_reddy@hotmail.com,ricardo.stewart02@mymona.uwi.edu,ricardo_stewart@live.com,gabbiwatt@hotmail.com,gabrielle.g.watson@gmail.com,gabrielle.watson@mymona.uwi.edu,damion.lowers@gmail.com,damion.lowers@mymona.uwi.edu,g_inc_lowers@yahoo.com,a.cooper92@live.com,abigail.cooper@uwimona.edu.jm,jamain.mclean@mymona.uwi.edu,jsm.masters@gmail.com,kevin.leyow@mymona.uwi.edu,kleyow@gmail.com,seb_soares@hotmail.com,sebastian.soares@mymona.uwi.edu,jason.mascot@gmail.com,jason.mascott@gmail.com,jason.scott02@mymona.uwi.edu,vijay.dacosta@mymona.uwi.edu,vijay_dacosta@live.com,janiel.thomas02@mymona.uwi.edu,naths_janiel@live.com,thomas_janiel@yahoo.com,ariel.barrett@mymona.uwi.edu,ariel_barrett@hotmail.com,demoy.blake@mymona.uwi.edu,demoyb@gmail.com,demoyblake17@gmail.com,ayana.duhaney@mymona.uwi.edu,ayana105@hotmail.com,kemar.johnson02@mymona.uwi.edu,kenardo6310@yahoo.com
